ナレーター	「人類が増えすぎた人口を宇宙に移民させるようになって、既に半世紀が過ぎていた。地球の周りの巨大な人工都市は人類の第二の故郷となり、人々はそこで子を産み、育て、そして死んでいった。宇宙世紀0079、地球から最も遠い宇宙都市サイド３はジオン公国を名乗り、地球連邦政府に独立戦争を挑んできた。この一ヶ月あまりの戦いでジオン公国と連邦軍は総人口の半分を死に至らしめた。人々はみずからの行為に恐怖した。戦争は膠着状態に入り、八ヶ月あまりが過ぎた」
アイキャッチ	「ガンダム大地に立つ!!」
デニム	「スレンダー、お前はここに残れ」
スレンダー	「はっ、曹長」
ジーン	「曹長、軍の施設は右上のブロックのようです」「出勤時間のはずですが、車が一台行っただけです、人影はありません。…いました、子供のようです」
フラウ	「アムロ」
フラウ	「アムロ？まあ、まだ食べてない」
フラウ	「アムロ？」
フラウ	「こんなことだと思ったわ。ちゃんと朝食を取らないと、体の為に良くないのよ」
ハロ	「ハロ、アムロ、ハロ、アムロ」
アムロ	「ハロ、今日も元気だね」
ハロ	「サンキュ、アムロ」
フラウ	「何を着ていくつもり？アムロ」「アムロ」
アムロ	「このコンピューター組んだら食べるよ」
フラウ	「避難命令聞いてなかったの？」
アムロ	「避難命令？あのサイレン、そうなの？」
フラウ	「あきれた。軍の放送聞かなかったの？軍艦が入港するから避難するんだってさ」
アムロ	「なんで？」
フラウ	「知らないわよ」
フラウ	「アムロ、時間がないのよ」
アムロ	「わかったよ」
連邦兵A	「退避急げーっ」
フラウ	「外で待ってるから」
フラウ	「ハロ、いらっしゃい」
アムロ	「うるさいなあ」
フラウ	「ハヤト君」
ハヤト	「やあ、フラウ・ボゥ」
フラウ	「駄目じゃない。お向かいさんなんでしょ、アムロに教えてあげなくっちゃ」
ハヤト	「ああ、避難命令のこと？」
フラウ	「そうよ、一人っきりなんだから」
ハヤト	「ア、アムロの親父さんみたいな軍事技術者がここにこなけりゃ、僕らは」
フラウ	「研究施設を作るんで立ち退きさせられたの、まだ恨んでんの？」
ハヤト	「そ、そういう訳じゃないけど」
ハヤトの母	「ハヤト」
ハヤト	「はい」
ハヤト	「じゃ」
フラウ	「アムロ」
フラウ	「アムロ、お行儀悪いのね」
フラウ	「入港する軍艦にアムロのお父さん乗ってるんでしょ？」
アムロ	「だと思うよ。一週間前に地球に降りるって言ってたから」
フラウ	「ここも戦場になるの？」
アムロ	「知らないよ。親父は何も教えてくれないもん」
連邦士官A	「ホワイトベースにガンダムの部品を載せりゃあいいんだ。地上の作業を急がせろ」
連邦兵A	「はっ」
連邦士官A	「ホワイトベースめ、よりによってジオンの船につけられるとはな」
連邦士官A	「ほほう、これか」
連邦兵B	「はっ」
連邦士官A	「さすが我が連邦軍の新鋭戦艦だ。この艦とガンダムが完成すれば、ジオン公国を打ち砕くなぞ造作もない」
ブライト	「伝令。レイ大尉、サイド７へ入港いたしました。至急、ブリッジへおいでください」
テム	「ん、了解した」
テム	「ブライト君といったね？」
ブライト	「はい」
テム	「何ヶ月になるね？軍に入って」
ブライト	「六ヶ月であります」
テム	「19歳だったか？」
ブライト	「はい」
テム	「ガンダムが量産されるようになれば、君のような若者が実戦に出なくとも戦争は終わろう」
ブライト	「お子様でらっしゃいますか？」
テム	「ああ。こんな歳の子がゲリラ戦に出ているとの噂も聞くが、本当かね？」
ブライト	「はい、事実だそうであります」
テム	「嫌だねえ」
パオロ	「ご苦労様です、レイ大尉」
テム	「結局、ジオンの船から逃げ切ることはできなかったか」
パオロ	「残念ながら」
シャア	「私もよくよく運のない男だな、作戦が終わっての帰り道であんな獲物に出会うなどとは」
シャア	「フフ、むこうの運が良かったのかな？」
ドレン	「はい、シャア少佐。しかし、あんな僻地のサイドに連邦のV作戦の基地があるんでしょうか？」
シャア	「あるよ。我々のザク・モビルスーツより優れたモビルスーツを開発しているかも知れんぞ」
ドレン	「まさか、あんな僻地のサイドで」
シャア	「遅いな」
ドレン	「来ました」
ドレン	「暗号、CC2です」
シャア	「見ろ、私の予測した通りだ」
ドレン	「で、では、連邦軍もモビルスーツを？」
シャア	「開発に成功したと見るのが正しいな」
デニム	「ああ、三台目もモビルスーツだ。まだあの中にもあるかも知れんぞ」
ジーン	「叩くなら今しかありません」
デニム	「我々は偵察が任務だ」
ジーン	「しかし、敵のモビルスーツがあの戦艦に載ったら」
デニム	「手柄のないのを焦ることはない」
ジーン	「…」
デニム	「おお、ジーン、何をする？」
ジーン	「シャア少佐だって、…戦場の戦いで勝って出世したんだ」
デニム	「おいジーン、貴様、命令違反を犯すのか？やめろ、ジーン」
ジーン	「フン、手柄を立てちまえばこっちのもんよ」
ジーン	「ヘッ、敵を倒すには早いほどいいってね」
避難民A	「おお、近いぞ」
避難民B	「隕石じゃないの？」
アムロ	「こ、この振動の伝わり方は、爆発だ」
避難民達	「ああっ」
フラウの祖父	「ジ、ジオンだ。ジオンの攻撃だ」
フラウ	「アムロ」
アムロ	「父を捜してきます」
フラウの祖父	「アムロ君」
避難民C	「君、勝手に出てはみんなの迷惑に」
アムロ	「父が軍属です。こんな退避カプセルじゃ持ちませんから、今日入港した船に避難させてもらうように頼んできます」
避難民C	「あ、君」
避難民C	「やめたまえ」
アムロ	「閉めといてください」
避難民C	「ああ」
アムロ	「あっ」
アムロ	「ああっ」
避難民A	「…」
避難民B	「あっ、ジオンのモビルスーツが」
アムロ	「こ、これが、ジオンのザクか」
連邦士官A	「貴様、民間人は退避カプセルに入ってろ」
アムロ	「技術士官のテム・レイを探してるんです、どこにいるんですか？」
連邦士官A	「船じゃないのか？」
連邦士官A	「おーい、降ろせ」
アムロ	「…危ない」
アムロ	「…」
アムロ	「し、死んだ」
アムロ	「あ？」
アムロ	「極秘資料？…こ、これは、連邦軍のモビルスーツ」
アイキャッチ	　スレンダー	「自分は命令を」
シャア	「デニム曹長は？」
スレンダー	「は、ジーンを援護する為、後方から出ました」
シャア	「連邦軍のモビルスーツは存在するのだな？」
スレンダー	「はい」
シャア	「スレンダー、お前は撮れるだけの写真を撮って、危険になったら引き上げろ」
スレンダー	「は、はい」
ドレン	「どうします？」
シャア	「デニムに新兵が押えられんとはな。私が出るしかないかもしれん、船をサイド７に近づけろ」
ドレン	「はっ」
避難民A	「港へ行くんだ、急げ」
避難民B	「逃げ遅れるな」
避難民A	「走れ」
アムロ	「コンピューター管理で操縦ができる。教育型タイプコンピューター。すごい、親父が熱中する訳だ」
フラウ	「アムロ」
アムロ	「ああ」
フラウ	「アムロ、何をしてるの」
アムロ	「あっ」
避難民達	「うわあっ」
レツ	「ああっ」
レツ	「ちくしょう」
フラウ	「アムロ」
アムロ	「…」
フラウ	「アムロ」
テム	「奥のリフトが使えるはずだ」
アムロ	「フラウ・ボゥは港に上がれ」
フラウ	「アムロ」
フラウの母	「フラウ、早く」
フラウ	「はい」
アムロ	「父さん」
テム	「第三リフトがあるだろう」
連邦兵A	「リフトは避難民で」
アムロ	「父さん」
テム	「避難民よりガンダムが先だ。ホワイトベースに上げて戦闘準備させるんだ」
連邦兵A	「はっ」
アムロ	「父さん」
テム	「ん、アムロ、避難しないのか？」
アムロ	「父さん、人間よりモビルスーツの方が大切なんですか？」
テム	「早く出せ」
アムロ	「父さん」
テム	「早くホワイトベースへ逃げ込むんだ」
アムロ	「ホワイトベース？」
テム	「入港している軍艦だ」
テム	「何をしている」
連邦兵A	「エ、エンジンがかかりません」
テム	「ホワイトベースへ行くんだ」
テム	「牽引車を探してくる」
アムロ	「父さん」
アムロ	「…？」
アムロ	「これが連邦軍の秘密兵器なのか。うわっ」
フラウ	「アムロ、早く」
アムロ	「…」
フラウ	「大丈夫？アムロ、きゃあーっ」
アムロ	「フラウ・ボゥ」
アムロ	「…フラウ、フラウ・ボゥ」
フラウ	「うっ…」
アムロ	「フラウ・ボゥ、しっかりするんだ」
フラウ	「…ア、アムロ」
アムロ	「立てるか？」
フラウ	「うん…」
フラウ	「…か、母さん？おじいちゃん？」
アムロ	「…」
フラウ	「あ、あ、母さん、母さん、母さん…」
アムロ	「フラウ、君までやられる、逃げるんだフラウ」
フラウ	「嫌よ…」
アムロ	「しっかりしろ、君は強い女の子じゃないか」
フラウ	「ううっ…」
アムロ	「港まで走るんだ。走れるな？フラウ・ボゥ」
アムロ	「僕もすぐ行く。行くんだ」
アムロ	「走れ、フラウ・ボゥ」
フラウ	「…」
アムロ	「走れ、フラウ」
アムロ	「そ、そうだ。フラウ・ボゥ、い、いいぞ」
アムロ	「…」
アムロ	「…」
アムロ	「こいつ、動くぞ」
アムロ	「同じだ。こいつか？」
アムロ	「すごい、五倍以上のエネルギーゲインがある」
アムロ	「やってみるさ」
アムロ	「これだけか？」
アムロ	「こいつだ」
アムロ	「間に合うか？左と、右か」
連邦兵A	「うおっ」
キッカ	「ううっ」
ブライト	「急いで」
ブライト	「早く武器を」
連邦兵B	「ホワイトベース、コアファイター発進できませんか？」
連邦兵C	「できるわけないだろ、サイド側の壁を開かなきゃあな」
パオロ	「戦闘員は全員出たのか？」
連邦兵A	「はっ、パイロットもガンダム収容に降ろさせました」
パオロ	「サイドの中から攻撃とはな」
アムロ	「うっ、た、立ちあがって」
アムロ	「し、正面だ」
アムロ	「…ぶ、武器は？」
アムロ	「あああっ」
ジーン	「デ、デニム曹長、て、敵のモビルスーツが動きだしました」
デニム	「な、なに？みんな部品ばかりだと思っていたが」
ジーン	「いや、まだよく動けんようです。やります」
アムロ	「きたっ」
ジーン	「な、なんてモビルスーツだ。ライフルをまったく受け付けません」
アムロ	「見てろよ、ザクめ」
デニム	「我々は偵察が任務なんだぞ、退くんだジーン」
ジーン	「なに言ってるんです、ここで倒さなければ敵がますます、うっ」
デニム	「おおっ、立った」
アムロ	「クッ、た、立ってくれ。…立てよ」
アムロ	「これか」
アムロ	「クッ」
連邦兵A	「技師長、味方のモビルスーツが動き始めました」
テム	「動く？なんて攻撃の仕方だ。誰がコクピットにいる？」
アムロ	「あっ、弾が切れた」
ジーン	「やってやる。いくら装甲が厚くたって」
アムロ	「き、来た。う、ああ…」
ジーン	「へっ、怯えていやがるぜ、このモビルスーツ」
ジーン	「おおっ」
ジーン	「ああっ…」
ジーン	「おおっ、ああっ」
デニム	「…あれが連邦軍のモビルスーツの威力なのか？」
アムロ	「す、すごい」
アムロ	「あっ」
アムロ	「逃がすものか。ぶ、武器はないのか？武器は？」
アムロ	「これか」
デニム	「ジーン、スレンダーが待っている所までジャンプできるか？」
ジーン	「補助カメラが使えますから、見えます。ジャンプします」
アムロ	「逃がすものか」
ジーン	「うわあーっ」
アムロ	「あーっ」
アムロ	「うあっ」
連邦兵A	「うわあーっ」
テム	「うわあっ」
アムロ	「モ、モビルスーツのエンジンをやればサイド７もやられちゃうかもしれない。ど、どうすればいいんだ？」
デニム	「ええい、よくもジーンを」
アムロ	「ど、どうする？コクピットだけを狙えるのか？」
アムロ	「今度ザクを爆発させたら、サイド７の空気がなくなっちゃう」
アムロ	「うっ…」
ブライト	「民間人をホワイトベースへ急がせろ」
連邦兵A	「はっ」
連邦兵B	「空気の流出は止まったようです」
ブライト	「ガンダムの運搬は？」
連邦兵B	「正規の技師がほとんどやられてしまったようで、進んでいません」
ブライト	「あれにもやってもらおう」
連邦兵B	「は？」
ブライト	「正規のパイロットだろうとなんだろうと、手伝ってもらわなければなるまい」
アムロ	「な、なんだ？」
連邦兵A	「うわあっ」
シャア	「スレンダーは？」
ドレン	「サイド７を脱出して本艦に向かっております」
シャア	「認めたくないものだな。自分自身の、若さゆえの過ちというものを」
次回予告	「サイド７を脱出するホワイトベースを待ち受けていたシャアは、ついに赤い彗星の本領を発揮してガンダムに迫る。それは、シャアにとってもアムロにとっても、初めて体験する恐ろしい戦いであった。機動戦士ガンダム、次回、『ガンダム破壊命令』。君は、生き延びることができるか？」
ナレーター	「人類が増えすぎた人口を宇宙に移民させるようになって、既に半世紀が過ぎていた。地球の周りの巨大な人工都市は人類の第二の故郷となり、人々はそこで子を産み、育て、そして死んでいった。宇宙世紀0079、地球に最も遠い宇宙都市サイド３はジオン公国を名乗り、地球連邦政府に独立戦争を挑んできた。この一ヶ月あまりの戦いでジオン公国と連邦軍は総人口の半分を死に至らしめた。人々はみずからの行為に恐怖した」
アイキャッチ	「ガンダム破壊命令」
連邦兵A	「民間人でもいいんだ、男手をまわしてくれ」
連邦兵A	「おっ、ああっ、く、来るぞ」
子供達	「ああっ」
女A	「私のユーリはどこ？…」
連邦兵A	「戻りなさい、ホワイトベースへ乗り込むんです」
女A	「…ユーリが」
フラウ	「しっかりつかまって」
カツ	「…」
レツ	「…」
フラウ	「…早く」
フラウ	「きゃあっ」
アムロ	「フラウ・ボゥ、ホワイトベースに急げ」
レツ	「モビルスーツだ」
フラウ	「アムロ？モビルスーツに乗っているのはアムロ？」
アムロ	「行くんだ。こんな所、空気がすぐなくなってしまうぞ」
フラウ	「ええ」
パオロ	「…」
リュウ	「艦長、自分が代わります。どうぞ船にお戻りください」
パオロ	「パイロット候補生の君に撃てるのか？」
リュウ	「はい、やってみます」
パオロ	「よし、頼んだ、うおっ」
リュウ	「うおっ」
リュウ	「…艦長」
パオロ	「…君は、大丈夫か？」
リュウ	「は、はい」
シャア	「君は私とデニムの命令は守ったのだ。気にすることはない、スレンダー軍曹」
スレンダー	「ありがとうございます、少佐」
シャア	「連邦軍のモビルスーツが君の言う通りの性能とは、やや信じがたいが」
スレンダー	「…お言葉ですが、自分は確かに」
シャア	「少尉」
ドレン	「は？」
シャア	「レーザー通信回路を開け。ドズル中将を呼び出したい」
ドレン	「はい」
フラウ	「軍艦の中なら安心よ。じっとしてるのよ」
レツ	「うん」
セイラ	「そこの女の方。包帯ぐらいなら巻けるわね？手伝っていただきたいわ」
フラウ	「ええ」
フラウ	「あなた達のお母さんはあとであたしが捜してあげるからね」
セイラ	「あちらを」
フラウ	「はい」
フラウ	「あの」
リュウ	「お、すみません、頼みます」
パオロ	「…」
フラウ	「…」
リュウ	「君はむこうの傷口を拭いて止血テープを」
フラウ	「は、はい」
パオロ	「…ジオンの船は間違いなく攻撃をやめたのだな？」
連邦兵A	「は、はい」
パオロ	「よろしい。君も戻って…」
ブライト	「艦長、ここでしたか」
ブライト	「艦長」
パオロ	「ジオンの船の防戦にまわった連中はほとんど壊滅だ。君の方はどう…」
ブライト	「サイド7に入った者は技師、軍人共に全滅です。たった二機のザクの為に」
パオロ	「…」
ブライト	「負傷兵の中で戦闘に耐えられるものは十名とはおりません」
パオロ	「ガンダムの関係部品の積み込みを急げ」
ブライト	「は、艦長。幸いなことにパイロット一名がガンダムを操縦、ガンキャノン、ガンタンクの積み込みを急いでおります」
パオロ	「パイロットは誰か？」
ブライト	「確認してはおりません」
パオロ	「…その、その作業が終了後、ホワイトベースをサイド７から発進させろ」
ブライト	「は。しかし、ホワイトベースのパイロットが」
パオロ	「出港はコンピューターが」
ブライト	「し、しかし」
ミライ	「あ、あの、クルーザー級のスペースグライダーのライセンスが役に立つとは思いませんが、わたくしでよければ」
パオロ	「…君は？」
ミライ	「ミライ・ヤシマと申します」
パオロ	「…そうか、あのヤシマ家の」
ドズル	「ゆうべはな、貴様の作戦終了を祝うつもりでおった。貴様がもたもたしてくれたおかげで晩餐の支度はすべて無駄になったんだ、え？」
シャア	「連邦軍のV作戦をキャッチしたのです、ドズル中将」
ドズル	「なに、V作戦？」
シャア	「は。モビルスーツの開発、それに伴う新造戦艦を同時にキャッチしたのであります」
ドズル	「フフフ、さすが、赤い彗星のシャアだな。で、何か？」
シャア	「帰還途中でありましたので、ミサイル、弾薬がすべて底をつき」
ドズル	「補給が欲しいのだな？まわす」
シャア	「幸いであります。それに、ザクの補給も三機」
ドズル	「モビルスーツ・ザクを三機もなくしたのか？」
シャア	「は、中将。そのうちの二機は、連邦軍のたった一機のモビルスーツの為に」
ドズル	「まあよし、ザクを送る。V作戦のデータはなんでもいい、必ず手に入れろ。できるならそのモビルスーツを手に入れろ」
シャア	「やってみます」
ドズル	「うむ」
シャア	「少尉、突撃隊員を三名招集したまえ」
ドレン	「は？補給艦の到着を待つのではないので？」
シャア	「戦いとは、いつも二手三手先を考えて行うものだ。スレンダーは脱出した。ということは、逆もまた可能ではないのかな？」
パオロ	「なに？誰が乗っているって？」
ブライト	「アムロと言っておりました」
パオロ	「知らんな」
ブライト	「サイド７でテストをやっていたパイロットでは？」
パオロ	「左のパネルでガンダムと連絡が取れる」
ブライト	「は」
パオロ	「ホワイトベース出港の時にはガンダムに援護させろ」
ブライト	「チャンネルは？」
パオロ	「右のコンソールにあるだろう」
パオロ	「ミライ君、どうかね？」
ミライ	「基本操作はわかります。でも、エンジンコントロールが」
パオロ	「リュウ君が誰か捜してくれよう、一人でも戻ってくれば」
ブライト	「お、お前がアムロ？そこはガンダムのコクピットなんだろうな？」
パオロ	「どうしたのか？」
ブライト	「子供です、こ、子供がガンダムに乗っているんです」
パオロ	「な、なに？」
ミライ	「えっ？じゃあアムロって」
ブライト	「ご覧になられますか？この少年がガンダムを。パ、パイロットじゃありません」
パオロ	「どういう訳だ？子供がガンダムを操るとは」
ミライ	「…あの子なら」
パオロ	「知っているのか？」
ミライ	「よくは知りません。でも、サイド７では機械好きで有名な子なんです」
パオロ	「ジオンのザクを倒したのもその少年なのか？」
アムロ	「ガンダムの性能のおかげで倒せたんです」
ブライト	「なぜそこにいる？」
アムロ	「その声は、さっき無線で僕にガンダム関係の部品を運べって命令した人ですね？」
ブライト	「艦長、降ろさせます」
パオロ	「パイロットが、…生き残っていたらな」
セイラ	「あなたは居住区をね」
フラウ	「ええ、任して」
リュウ	「さあ、しっかりしてください、曹長」
リュウ	「あ、君達は？」
セイラ	「艦長命令で逃げ遅れた人を捜しに行きます」
フラウ	「あ、もうほかの人いませんでした？」
カイ	「し、知らねえな。爆撃の跡をよけながらようやくたどり着いたんだ」
リュウ	「…さあ」
カイ	「の、乗るのかよ？」
セイラ	「…」
カイ	「いてっ」
カイ	「…お、お前」
セイラ	「それでも男ですか、軟弱者」
カイ	「な、なんだってんだよ」
セイラ	「あなたみたいな人、サイド７に一人で残っているといいんです」
カイ	「お高くとまりやがって。あ、あんた、セイ、セイラとかいったよな？」
セイラ	「そんな、不良みたいな口の利き方おやめなさい」
セイラ	「フラウ・ボゥ」
フラウ	「はい」
リュウ	「…君、手を貸してくれ」
カイ	「ああ」
リュウ	「…」
ドレン	「機関始動、推力3パーセント、メガ粒子砲スタンバイ。目標、サイド７のスペースゲート。ただし、ドッキング・ベイへの直撃は避ける」
シャア	「フフ、少尉もなかなかやる」
シャア	「スレンダー」
スレンダー	「は、この工事用の出入り口から潜入できます」
シャア	「よし、行け」
ミライ	「また攻撃のようです」
ブライト	「アムロの処分はどうなさいます？艦長」
パオロ	「オペレーター、敵は？」
マーカー	「は、後方左40度に先程のムサイタイプ一隻、接近中です」
パオロ	「…ガンダム関係の部品で使えない物はすべて処分させろ。ガンダムにはビームライフルを用意させよ」
ブライト	「は？」
パオロ	「初陣にはやや若すぎるが、古来15、6歳の出陣がなかったわけではない、君達に期待する…」
ブライト	「は、艦長」
ブライト	「アムロ、聞こえるか？サイド７に残ったガンダムのパーツを破壊しろ」
アムロ	「どうしてです？まだ三機分ぐらいは」
ブライト	「ジオンに機密を渡すというのか？」
マーカー	「妙です、ムサイが後退しました」
ブライト	「下がった？」
ブライト	「やり方はわかるか？」
アムロ	「ス、スーパーナパームとかいうのを使うなら」
ブライト	「艦長」
パオロ	「アムロ君の判断は的確だ。任せなさい…」
フラウ	「船が出港します､残っている人はいませんか？」
フラウ	『アムロの所に行ってくるわ』
フラウの母	『夕食には帰るのよ』
フラウ	「…残っている人がいましたら返事してください」
セイラ	「生存者いませんか？生存者は？」
セイラ	「生存者はなし。…」
セイラ	「およしなさい」
セイラ	「お捨てなさい」
シャア	「勇敢だな。軍人ともゲリラとも思えんが」
セイラ	「動くと撃ちます」
シャア	「に、似ている」
セイラ	「ヘルメットを取ってください。そして、うしろをむいてください」
セイラ	「…」
セイラ	「ああっ」
シャア	「し、しかし、アルテイシアにしては、つ、強すぎる。…」
アムロ	「あれは？ジオンの」
セイラ	「…」
アムロ	「…」
アムロ	「あっ、クッ」
セイラ	「兄さん」
アムロ	「スーパーナパームを使います、手に乗ってください」
アムロ	「この辺りにあるモビルスーツのパーツを処分するんです」
ブライト	「アムロ君、確かにジオンの兵隊なのだな？」
アムロ	「はい」
アムロ	「手の中に寝そべってください。大丈夫ですね？」
セイラ	「ええ」
セイラ	「ああっ」
アムロ	「ブライトさん、ジオンの兵士が港に入って行きました」
ブライト	「なんだと？」
パオロ	「ホワイトベースのすべてのハッチを閉じろ。銃を持てる者は…」
ブライト	「誰でも構わん、前方より接近中のジオンの兵を狙撃しろ。急げ」
シャア	「偵察隊各員、すみやかに脱出せよ」
ブライト	「出港してください」
シャア	「しまった」
スレンダー	「少佐」
シャア	「敵が出てくるぞ」
アムロ	「…よし」
アムロ	「…」
アムロ	「…」
アムロ	「撃つぞ、撃つぞ、撃つぞーっ」
スレンダー	「しょ、少佐」
シャア	「慌てるな、下手に動くとかえって当たる。人間みたいな小さな目標にそうそう当たるもんじゃない」
シャア	「ムサイ、受信できるか？私だ」
ジオン兵A	「こちらムサイ、少佐の判別はできます」
シャア	「敵が出てくる。レーザーラインに乗せて私とスレンダーのザクを第一種装備で射出しろ」
ジオン兵A	「了解」
ドレン	「ザク、射出用意。方位、RD23.5」
ミライ	「ゲートセンサー360度、オールラジャー」
ブライト	「肩に力が入りすぎのようだな。大丈夫、コンピューターがやってくれますよ」
ミライ	「ええ」
ブライト	「ガンダムのアムロ君へ」
アムロ	「は、はい」
ブライト	「ホワイトベースから遠すぎるようだ。本艦の右10キロに位置してくれたまえ」
アムロ	「了解」
ブライト	「各ブロックを気密再確認。できるか？」
フラウ	「は、はい」
ブライト	「オペレーター、操艦が素人だ。なるべく早めに指示を頼みます」
マーカー	「は」
オスカ	「こうなりゃやるしかないもんな」
ブライト	「頼むよ」
連邦兵A	「右のゲージがエンジンの出力計だ」
セイラ	「わかります」
連邦兵A	「レッドゾーンに入らんように」
セイラ	「ええ」
連邦兵B	「艦内のミサイル陣のチェックは？」
ハヤト	「はい、この数字ですね」
連邦兵B	「…よ、よくわかるじゃないか」
ブライト	「各ブロック、各個に迎撃体制をとれ」
ミライ	「ドッキング・ベイを出ます」
ブライト	「メインエンジン、パワー臨界上昇。面舵いっぱい」
リュウ	「ブライト、コアファイター発進OKだ」
ブライト	「リュウ、大丈夫なのか？」
リュウ	「オレはパイロット候補生だぜ」
ブライト	「…素人よりは確実だが、経験は？」
リュウ	「シュミレーションを二度やった」
ブライト	「…アムロと同じという訳か」
マーカー	「高熱源体接近」
ブライト	「ミサイルか？」
マーカー	「大型ミサイル、回避運動は左12度、下へ8度」
ブライト	「ミライ」
ミライ	「は、はい」
ブライト	「遅い」
アムロ	「キャッチした」
ミライ	「えっ？」
アムロ	「やってみます」
ブライト	「頼む」
リュウ	「離艦するぞ」
アムロ	「こいつなら」
アムロ	「…」
アムロ	「当たれっ」
マーカー	「続いて接近する物体二つあります」
ブライト	「なんだ？」
マーカー	「モビルスーツのようです」
ブライト	「ザクか？」
オスカ	「で、でもブライトさん、このスピードで迫れるザクなんてありはしません」
マーカー	「一機のザクは通常の三倍のスピードで接近します」
パオロ	「シャ、シャアだ、あ、赤い彗星だ」
ブライト	「は？艦長、何か？」
ブライト	「ええっ、赤い彗星のシャア？」
パオロ	「ルウム戦役で五隻の戦艦がシャア一人の為に撃破された。…に、逃げろ」
シャア	「見せてもらおうか、連邦軍のモビルスーツの性能とやらを」
アムロ	「やります。相手がザクなら人間じゃないんだ、僕だって」
ブライト	「やめろアムロ。君にはまだ」
アムロ	「やります」
アムロ	「こさせるかっ」
アムロ	「あっ。わあっ」
シャア	「どうだ」
シャア	「ば、馬鹿な、直撃のはずだ」
アムロ	「こ、これが、た、戦い…」
アムロ	「く、来る、うわあっ」
シャア	「速い、な、なんという運動性」
シャア	「スレンダー、来たか。敵のモビルスーツのうしろへ」
スレンダー	「しょ、少佐、武器が違います。あの武器は自分は見ていません」
シャア	「当たらなければどうということはない。援護しろ」
アムロ	「ううっ…」
ブライト	「コアファイターが援護する。ビームライフルのエネルギーを使いすぎるな」
アムロ	「い、言われなくたって」
アムロ	「あっ」
アムロ	「うわっ」
シャア	「うおっ」
アムロ	「あああっ」
アムロ	「あっ？」
リュウ	「うしろだ、上昇しろ」
アムロ	「あ？」
アムロ	「コアファイター？」
アムロ	「こいつ…」
スレンダー	「だあ－っ」
シャア	「ス、スレンダー。い、一撃で、一撃で撃破か。なんということだ、あのモビルスーツは戦艦並のビーム砲を持っているのか」
アムロ	「い、一撃で、ザ、ザクを」
シャア	「させるかぁ。うおっ」
シャア	「変哲のない新型戦闘機か」
シャア	「あっ」
アムロ	「あっ、ビ、ビームのエネルギーが」
アムロ	「つ、使いすぎだ」
シャア	「か、火力が、ち、違いすぎる」
セイラ	「ガンダム、着艦しました」
ブライト	「収容作業終了後、アムロ、リュウをブリッジに」
セイラ	「はい」
ブライト	「ホワイトベースはルナ２に直行する。各員の配置は現状のまま。相互に休息をとれ」
カイ	「来たぜ」
リュウ	「ブライト、敵の様子は？」
ブライト	「動いていない。しかし、追いかけて来ると思え、シャアならばな」
フラウ	「アムロ」
ブライト	「ガンダムの性能をあてにしすぎる、戦いはもっと有効に行うべきだ」
アムロ	「な、な、なに？」
ブライト	「甘ったれるな。ガンダムを任されたからには貴様はパイロットなのだ。この船を守る義務がある」
アムロ	「い、言ったな」
ブライト	「こう言わざるをえないのが現在の我々の状態なのだ。やれなければ、今からでもサイド７に帰るんだな」
フラウ	「ブライトさん」
アムロ	「やれるとは言えない。け、けど、やるしかないんだ。僕にはあなたが」
ブライト	「憎んでくれていいよ」
ブライト	「ガンダムの整備をしておけ、人を使ってもいい。アムロ、君が中心になってな」
ナレーター	「ルナ２、宇宙都市建設の鉱物資源をうる為に運ばれてきた小惑星である。今、ここには連邦軍の最前線基地がある」
次回予告	「シャアのムサイが補給を受ける。この隙を突こうとコアファイター、ガンダムが強襲をかけた。しかし、シャア以外にもジオンには兵士がいた。戦士の叫びが轟く。機動戦士ガンダム、次回、『敵の補給艦を叩け！』。君は、生き延びることができるか？」
ナレーター	「人類が増えすぎた人口を宇宙に移民させるようになって、既に半世紀が過ぎていた。地球の周りの巨大な人工都市は人類の第二の故郷となり、人々はそこで子を産み、育て、そして死んでいった。宇宙世紀0079、地球に最も遠い宇宙都市サイド３はジオン公国を名乗り、地球連邦政府に独立戦争を挑んできた。この一ヶ月あまりの戦いでジオン公国と連邦軍は総人口の半分を死に至らしめた。人々はみずからの行為に恐怖した」
アイキャッチ	「敵の補給艦を叩け！」
ナレーター	「ルナ２、宇宙都市建設の鉱物資源をうる為に月軌道上に運ばれてきた小惑星である」
パオロ	「ルナ２と連絡が取れ次第、私の名前で寄港を許可してもらえ。あとは指令のワッケインに頼むが…」
ブライト	「少しお休みください、痛み止めを」
パオロ	「いや、いい」
キッカ	「缶詰の配給です」
フラウ	「こちらは何人ですか？」
男A	「七人かな」
女A	「あの、ミルクのお湯、先程お願いしたんですけど」
キッカ	「これですよ」
男A	「ルナ２にはいつ着きます？」
フラウ	「あと一時間ほどです」
女A	「あの、食べ物の配給はいつ来るの？」
セイラ	「そこまで来てますよ」
ブライト	「セイラさん」
ブライト	「サイド７に来る前はどこにいたんです？」
セイラ	「答える必要あるのかしら？」
ブライト	「…別に」
セイラ	「地球です」
ブライト	「宇宙に出たの」
セイラ	「え？」
ブライト	「初めてなんですよ」
セイラ	「エリートでらっしゃったのね」
ブライト	「皮肉ですか？」
セイラ	「弱気は禁物でしょ、ブライトさん」
セイラ	「代わりましょ。計器を見ているだけでいいんでしょ？」
ミライ	「すいません、着陸の時までお願い」
セイラ	「ええ」
マーカー	「離れませんね」
ミライ	「時間の問題だと思うんですけれど」
ブライト	「時間？」
ミライ	「シャアの攻撃」
シャア	「パプア補給艦？あんな老朽艦では十分な補給物資は」
ドズル	「現状を考えるんだ」
シャア	「しかし」
ドズル	「十分な戦力で戦える昔とは違うんだぞ。シャア、ザクは二機送った。ムサイを潰しても連邦の機密を手に入れるんだ」
シャア	「は」
シャア	『三機のザクを要求してこれか。敵のモビルスーツの性能が皆目わからんのに』
フラウ	「アムロ、アムロ、どこにいるの？」
リュウ	「フラウ・ボゥ、ガンダムのコックピットだ」
フラウ	「また？」
フラウ	「アムロ、食べる物と着る物持ってきたわ。着替えないとくさいわよ」
アムロ	「うん」
フラウ	「二食抜きなのよ、アムロ。食べる物も食べなくっちゃ」
アムロ	「食べたくないんだ」
フラウ	「ブライトを気にしてむきになることないのに」
アムロ	「そんなこと関係ないよ。死にたくないからやってるだけさ」
フラウ	「ふーん、そうかしら？」
アムロ	「そうかい？」
ミライ	「シャアのムサイ、なぜ攻撃をしないのかしら？」
ブライト	「このホワイトベースの性能が読めないからだろうな」
ミライ	「それと、武器を使い果たしているということも考えられるわね」
ブライト	「ああ。しかし」
ミライ	「しかし？」
ブライト	「我々にそう思わせる作戦なのかもしれない」
オスカ	「シャアのムサイに接近する船があります」
ミライ	「援軍？」
オスカ	「わかりません。15分後に接触します」
セイラ	「ミライの推測が当たったんじゃなくて？」
ブライト	「軽率には言えんな、巡洋艦だったらどうする？」
ミライ	「シャアのムサイに武器を補給させる前なら、私達にもアムロにも戦えるかもしれないわ」
ブライト	「攻撃に出ろというのか？」
ミライ	「もう一度シャアの攻撃を受けて、守りきれます？ブライトさん」
ブライト	「我々は正式な戦闘員を一人だって持っちゃいないんだ」
ブライト	「オペレーター、敵の接触と補給にどのくらいかかるもんかな？」
マーカー	「武器だけでしたら10分もあれば」
ブライト	「25分か」
セイラ	「艦長さんに聞いてみたら？」
ブライト	「そういう言い方、やめて欲しいものだな」
ブライト	「ハヤト君、どう思うかね？」
ハヤト	「はい、相手がいくら大きい人でも、腰を引いた瞬間とかバランスを崩した時なら倒せるものです。これ、柔道の話ですけど」
ブライト	「…」
ブライト	「ミライさん、各員ブリッジに集合」
ミライ	「緊急警報、緊急警報、戦闘可能な方はブリッジに集合、年齢は問いません。機関区以外の者はすべてブリッジに集合」
リュウ	「おい」
クルーA	「はい」
カツ	「キッカ､お前は部屋にいろ」
キッカ	「全員集合でしょ、全員」
フラウ	「洗濯しとくからね」
アムロ	「ああ」
ブライト	「みんなの意見が聞きたいが時間がない、多数決で決めさせてもらう。まず、できるできないは五分五分だが、ともかくルナ２前進基地に逃げ込むのに賛成な者、手を挙げてください」
ブライト	「五票だ」
ブライト	「では、これも五分五分かもしれんが、我々がうって出る方に賛成の者は？」
カツ	「戦うべきです」
キッカ	「そうよ、戦うべきよ」
ブライト	「よし、決まった。出撃する。アムロはガンダム、リュウはコアファイター、場合によってはガンタンクの出撃もありうる。ビーム砲スタンバイ急げ」
ブライト	「ホワイトベース、180度回頭」
セイラ	「カタパルト接続終了。リュウ、コアファイター発進OK」
リュウ	「出力60、70、85、120、発進」
セイラ	「コアファイター離艦終了。アムロ、ガンダムカタパルト用意。わかるわね？」
アムロ	「そのつもりです。やってみます」
アムロ	「手引書通り。カタパルト、装備チェック、ガンダム出力異常なし」
アムロ	「行きます」
セイラ	「10キロ前進後、敵に対して稜線から侵入の為、降下。よろし？」
アムロ	「了解」
リュウ	「了解」
ブライト	「左右ビーム砲、スタンバイ急げ」
カイ	「砲撃スタンバイ。エネルギーパイプ接続」
クルーA	「前部主砲リフトOK。装填、開始します」
ブライト	「8分後に敵が視界に入る。それまでに手引書をよく読んでおけ。ともかく撃って援護ができればいい。ただし、ガンダムとコアファイターには当てるな」
シャア	「よくもこんなくたびれた船が現役でいられるものだな」
シャア	「ドレン少尉」
ドレン	「は」
シャア	「映像回線を開け」
ドレン	「はい」
ガデム	「赤い彗星が補給を欲しがるとはな。ドジをやったのか？」
シャア	「ガデム、敵は目の前だ。一刻を争う」
ガデム	「わかっているよ、わしがそんなにのろまかね？歳の割にはすばやいはずだ」
シャア	「ハッチ開け。コンベアパイプドッキング急がせ」
ジオン兵A	「コンベアーパイプ、受け取りよーし」
アムロ	「リュウの奴、軍人のくせに」
リュウ	「上がるなだと？敵は目の前だぞ」
アムロ	「このまま突っ込んだら逆光線で戦わなくっちゃならないことに気付かないのか？まわり込むんだ」
リュウ	「…ど、どこだ？ムサイは」
アムロ	「もう見えるはずだが」
リュウ	「おっ、見えたぞ。アムロの奴、素人のくせによく気がつく。太陽を背にして攻撃しようっていう訳か」
アムロ	「よし、行くか」
ジオン兵A	「コンベアーパイプ接続終了。弾薬、搬入開始」
ガデム	「シャア、変だと思わんか？ここは敵の前線基地に近いとはいえちょうど裏側にあたる。ミノフスキー粒子の濃度が強すぎると思うがな」
シャア	「同感だな、ガデム」
ドレン	「近くに敵艦が？」
シャア	「ありうるな」
アムロ	「よーし、捉まえたぞ、シャア」
ジオン兵A	「後方からミサイルらしきもの接近」
シャア	「なに？」
ジオン兵A	「3秒で接触。3、2、1」
ガデム	「コンベアーパイプをやられた、船をムサイから離せ」
ジオン兵A	「第二波来ます。7、6」
シャア	「ガデム、運んできたザクを放出しろ」
ガデム	「ああ、なんとかしよう」
ジオン兵A	「2、1」
ジオン兵A	「うわっ」
ガデム	「ザクをシャアに渡さにゃならんのだ」
シャア	「マチュウ、フィックス、船の外でザクに乗り移る支度をしておけ。私は先にモビルスーツで出撃する」
ドレン	「あるだけのコーダミサイルを水平撃ちするんだ」
シャア	「ドレン、パプアをカバーするんだ。この攻撃はモビルスーツだ、戦艦じゃあない」
ドレン	「了解です」
ドレン	「180度回頭急げ。残りのミサイルのあるブロックは、全弾太陽に向かってぶち込め」
ドレン	「メガ砲のエネルギー充填にどのくらいかかるか？」
ジオン兵A	「5分20秒」
ドレン	「ええーい、遅いわ。メインエンジンのパワーを落としすぎた」
ジオン兵B	「第三波来ます。7、6、5、4、3、2」
シャア	「仕損じた」
シャア	「これ以上やらせるか。…」
シャア	「ん？」
シャア	「モビルスーツはむこうか」
ジオン兵A	「来ます、敵戦闘機、左後方」
ガデム	「迎撃しろ」
ジオン兵A	「うわあっ」
ガデム	「低く飛べ、補給物資はルナ２に放出する」
アムロ	「うっ、シ、シャア」
シャア	「フフ、モビルスーツの性能の違いが、戦力の決定的差ではないということを」
シャア	「教えてやる」
アムロ	「シャアめ」
アムロ	「いける」
アムロ	「しまった。バズーカの弾頭が」
アムロ	「うしろ？」
シャア	「遅い」
ドレン	「シャア少佐、敵の新型艦の木馬が攻撃を掛けてきます」
シャア	「なに？私が行くまでなんとか持ちこたえろ」
アムロ	「船にはやらせるものか」
アムロ	「ブライトと約束したんだ。ぼ、僕がシャアを引きつけておくってな」
カイ	「ええい、リュウの奴。あれじゃあこっちの主砲が撃てねえじゃねえか」
カイ	「ハヤトっていったな。伝えろ、リュウにどけってよ」
ハヤト	「は、はい。でも、ブリッジに連絡するのは、えっと」
カイ	「急いでくれよ」
ドレン	「高度を下げつつ170度回頭。主砲を敵艦にむけるんだ」
ジオン兵A	「は、はい」
ミライ	「ムサイが攻撃してこないけど？」
ブライト	「補給作業中だったらまずメガ砲は使えないな。しかも、ミサイルもないんだろ」
オスカ	「高度300、ムサイ、右から降下します。相対速度コンマ23キロ。推定接触5.2秒」
ハヤト	「ブライトさん、お願いです」
ブライト	「どうした？」
ハヤト	「コアファイターが邪魔でムサイを狙えないってカイさんが言ってます」
ブライト	「了解」
ブライト	「リュウ、応答しろ。リュウ」
ミライ	「どうでした？」
ブライト	「奴め、無線回線を切っている」
ミライ	「じゃ、敵をやっつけられないの？」
アムロ	「あっ」
シャア	「不慣れなパイロットめ、いくぞ」
アムロ	「なに？」
シャア	「甘いな」
アムロ	「クッ…と、止まれ」
アムロ	「ああっ…」
アムロ	「…」
シャア	「ええい、連邦軍のモビルスーツは化け物か？これだけの攻撃でも」
ドレン	「シャア少佐、お戻りください。ムサイはメガ砲も使えず」
シャア	「ザクはどうしたんだ？まだ受け取っておらんのか？」
ドレン	「パプアのカタパルトがやられてるらしいんです。まだザクは」
シャア	「ザクだけでも手に入れねばならん、今行く。なんとか持たせろ」
アムロ	「…シャアが」
ハヤト	「ブライトさん、カイさんが大型特殊の免許をいくつか持っているんです」
ブライト	「えっ？」
ハヤト	「カイの親父さん、技術者で」
ブライト	「わかった。特殊免許と言ったな？」
ハヤト	「はい。戦車みたいなモビルスーツありますね？」
ブライト	「あれは二人乗りだ」
ハヤト	「この船の主砲と同じようなもんでしょ。撃てますよ、教えてもらったから」
ブライト	「ガンタンクで敵に接近するつもりか」
ハヤト	「はい。ホワイトベースに気を取られていますから大丈夫です、できますよ」
ブライト	「頼む」
ハヤト	「はい」
ガデム	「いったい何をもたもたやっておる。このままではムサイはやられるぞ」
ジオン兵A	「あ、は、は、はい、艦長」
ガデム	「ザクの放出はどうなっておる？」
ジオン兵B	「…カタパルトが直りません」
ガデム	「馬鹿め、手で押し出せ」
ジオン兵B	「…」
ジオン兵B	「ああーっ」
ガデム	「このーっ」
ジオン兵A	「エネルギー充填完了。撃てます」
ドレン	「よーし、メガ粒子砲用意」
ミライ	「ああっ…」
ブライト	「…」
ブライト	「カイ、ハヤト、ガンタンクはどうした？砲撃を、砲撃を」
ミライ	「ブライトさん、落ち着いてください。ガンタンクは今ホワイトベースから出るところなんです。対地速度12.5メートル、10メートル」
セイラ	「カイ・シデン、聞こえて？3秒で発進。よろし？」
カイ	「よろしくもよろしくないもないんだろ。いつでもいいよ。えーと、セ、セイラさんね」
セイラ	「余計なことは言わないで。ホワイトベース接地、発進です」
ハヤト	「急いでくださいカイさん。山を越えたらすぐに敵ですよ」
カイ	「怒鳴るな。こちとら走らせるのがやっとなんだ。ハヤト、早いとこ片付けちまってくれよ」
ハヤト	「あと50メートル接近してください、確実に有効射程距離に入ります」
カイ	「ミサイル撃ってきたらどうするんだよ？」
ハヤト	「補給中ですから撃ってこないと思います」
カイ	「撃ってきたらどうするんだよ」
ハヤト	「わかりません。あと10メートル」
ハヤト	「撃ちます」
ガデム	「ザクもミサイルも食料もシャアに渡してやる。補給部隊の面子にかけてな」
ガデム	「ムサイ、ザクを渡したぞ、受け取れ」
ドレン	「マチュウ、フィックス、ザクに搭乗しろ」
リュウ	「させるかあ」
リュウ	「うおっ」
リュウ	「赤い彗星め」
シャア	「ガデム、補給物資は？」
ガデム	「大概の物は放出したはずだ。敵を倒したら収容してくれよ」
ガデム	「あれか、連邦軍の作ったモビルスーツってのは」
シャア	「ガデム、落ち着け」
ガデム	「止めるな」
ガデム	「わしの船をやられたんだぞ。このザクとて、わしと百戦錬磨の戦いの中をくぐり抜けてきたのだ。にわか作りの連邦軍のモビルスーツなど、一撃で倒してみせるわ」
アムロ	「…武器も持たずに？」
シャア	「やめろ、ガデム。貴様のザクでは無理だ」
アムロ	「…わあーっ」
ガデム	「素人め、間合いが遠いわ」
アムロ	「うっ…」
ガデム	「あああっ、れ、連邦軍はあれほどのモビルスーツを、か、開発したのか。うわあーっ」
シャア	「ガ、ガデム」
ブライト	「下がれアムロ、下がれ。補給艦は撃破したんだ、すぐに下がるんだ」
アムロ	「しかし」
ブライト	「お前も武器の手持ちがないんだろ、シャアとどう戦うんだ」
アムロ	「シャア」
アムロ	「了解」
シャア	「む、敵のモビルスーツが」
シャア	「…パプアがやられ、ガデムも死んだ。どういうことなのだ？モビルスーツにしろ、あの船にしろ、あきらかに連邦軍の新兵器の高性能の前に敗北を喫した。それはわかる。しかし、いったいどういうことなのだ？連中は戦法も未熟なら、戦い方もまるで素人だ」
マチュウ	「少佐。マチュウ、フィックス共にザクに搭乗。敵を追撃いたしますか？」
シャア	「補給物資積み込みの援護にあたれ」
マチュウ	「は、援護にあたります」
シャア	「…どういうことなのだ」
カイ	「ハハッ、案ずるより産むが安しってね」
ブライト	「甘ったれるな。アムロがシャアを引きつけておいてくれたからガンタンクの攻撃ができたんだぞ」
カイ	「だとさ、ハヤト」
ハヤト	「だと思います」
カイ	「かわいくねえの」
リュウ	「や、ブライトすまんな。俺、無線切ってたんだってな」
ブライト	「ああ、気をつけてくれよ。訓練を思い出してな」
ブライト	「それからアムロ、君は敵のむこうを回り込みすぎだ」
リュウ	「いいや、ありゃああれでいいんだ」
リュウ	「なあ？」
アムロ	「はい、シャアが速すぎたんです」
ブライト	「シャアは赤い彗星と言われている男だろ。お前だって一度戦っているはずだ、もっと立ち向かい方を考えとけ」
アムロ	「はい」
ブライト	「各員、第二戦闘配置のまま休息をとれ」
ミライ	「全速前進。進路はルナ２前進基地、クリアー」
アムロ	「リュウさん、僕ほんとにあの人を殴りたくなってきた」
アムロ	「あ、フラウ・ボゥ」
リュウ	「お」
フラウ	「疲れたでしょ、お茶よ」
リュウ	「おおっ、これはこれは」
ハロ	「アムロ、オツカレ、アムロ、オツカレ」
アムロ	「調子良さそうだな、ハロ」
リュウ	「なんだい？それは」
アムロ	「僕が作ったのさ。ハロってね」
オスカ	「機雷源左翼25キロ。進路、右3.2」
次回予告	「アムロ達は味方の連邦軍に囚われてしまった。その間にも、ガンダム破壊の執念に燃えるシャアらの潜入部隊が忍び寄る。味方の兵を倒してでもホワイトベースを救出しなければならないのか？機動戦士ガンダム、次回、『ルナツー脱出作戦』。君は、生き延びることができるか？」
ナレーター	「人類が増えすぎた人口を宇宙に移民させるようになって、既に半世紀が過ぎていた。地球の周りの巨大な人工都市は人類の第二の故郷となり、人々はそこで子を産み、育て、そして死んでいった。宇宙世紀0079、地球に最も遠い宇宙都市サイド３はジオン公国を名乗り、地球連邦政府に独立戦争を挑んできた。この一ヶ月あまりの戦いでジオン公国と連邦軍は総人口の半分を死に至らしめた。人々はみずからの行為に恐怖した」
アイキャッチ	「ルナツー脱出作戦」
連邦兵A	「マダガスカル、ビーコンキャッチ。入港基準速度、上限マイナス2。姿勢良好」
連邦兵B	「マダガスカル入港。各員、係留先の配置につけ」
連邦兵C	「武器装填班、急げ」
連邦士官A	「レクリエーションサービス、どこに行っている？兵員接待の準備できているのか？」
連邦兵D	「第二桟橋、係留準備完了。各員、マダガスカル係留後、ただちに第二戦闘備品の搬入を行う」
連邦兵E	「了解」
ブライト	「我々は民間人を百人以上連れているんですよ。それだってサイド７が攻撃されてやむなく脱出してきたんです」
連邦士官A	「私らだって降ろせるもんなら降ろしてやりたいよ。けどな、ルナ２の基地だって緊急事態の連続なんだ」
ブライト	「味方の基地に着いたというのに休むこともできないなんて、そんなことありますか？」
ワッケイン	「君の質問には私が答えよう」
ワッケイン	「ルナ２方面軍司令ワッケインだ。君がブライト・ノア君だな？」
ブライト	「は、はい」
ブライト	「避難民達はとても疲れています。基地で落ち着ける場所を探していただきたい」
ミライ	「ジオン軍の追跡を受けて休まる間もなかったんです」
ワッケイン	「民間人を収容しておく余地はないな」
ブライト	「そんな」
アムロ	「…あ」
ワッケイン	「皆さん方はこのままここにいていただきます。地球連邦軍本部の指示を仰いで、しかるべき艦でただちに地球へ移動してもらうことになります」
避難民A	「ええっ」
避難民B	「地球？」
避難民C	「サイド７に戻りたい」
ワッケイン	「次の者は一般避難民とは隔離する。ブライト・ノア、ミライ・ヤシマ、リュウ・ホセイ、セイラ・マス、カイ・シデン、ハヤト・コバヤシ、アムロ・レイ」
キッカ	「なによなによ、お兄ちゃん達を」
レツ	「そうだそうだ、なんだよ」
カツ	「…」
フラウ	「おやめなさい、ね」
ブライト	「訳を、訳を聞かせてください」
ワッケイン	「士官候補生と民間人がみだりに軍のトリプルAの秘密、すなわちホワイトベースとガンダムを使用したことによる。全員軍事裁判にかけられるものと覚悟しておくことだ。ホワイトベースは没収、ガンダムは封印して軍の管轄下に戻す。以上だ」
アムロ	「身勝手じゃありませんか。サイド７がどういう状態だったか調べもしないで、よくもそんなことが言えますね」
パオロ	「…」
ワッケイン	「艦長、ルナ２司令ワッケインです」
パオロ	「…ホ、ホワイトベースの修理と、…子供達を…」
ワッケイン	「あとはわたくしにお任せください。お心置きなく傷のお手当てを」
連邦兵A	「ガンダムの封印が終わったらガンタンクだ」
連邦兵B	「ガンタンクはどうする？こいつはバラバラだぜ」
連邦兵C	「封印しとけ。ワッケインはあれでうるさいんだから」
ブライト	「ムサイが来ます。あのまま赤い彗星のシャアが追撃をあきらめたとは思えません。今ガンダムを封印することは」
ワッケイン	「君に戦略をうんぬんする資格はない」
ブライト	「あなたは赤い彗星の恐ろしさを知らないんです」
ワッケイン	「正規の軍人でない君の判断ならそうも思えるだろうな。だがな、赤い彗星といえば名立たる戦士だ。彼がムサイごとき軽巡洋艦でこのルナ２に挑むような馬鹿な真似はしない」
ブライト	「…」
連邦兵D	「さあ」
ブライト	「あ」
シャア	「ルナ２のレーダーには捕捉されていまいな？」
ドレン	「はい、ミノフスキー粒子の濃度はやや少な目ですが、大丈夫でしょう」
シャア	「敵を目の前にしても捕捉されんとは奇妙なものだな。科学戦も詰まるところまで来てしまえば大昔の有視界戦闘に逆戻りという訳だ」
ドレン	「少佐、ルナ２をやりますか？」
シャア	「ドレン、貴様も言うようになったな」
シャア	「あれだけの装備を誇っているルナ２だ、並の軍略家ならばこのムサイごときがしかけてくるとはよもや思うまい」
ドレン	「だからおやりになる」
シャア	「手はあるよ、ドレン」
ドレン	「期待します」
シャア	『もしやあの時の少女が十年前に別れた妹の、いや、アルティシアにしては強すぎる』
セイラ	「お捨てなさい。動くと撃ちます」
セイラ	「…」
セイラ	「あっ」
シャア	『そう、アルティシアはもっとやさしい』
シャア	「ノーマルスーツで敵の懐に潜入する」
ドレン	「えっ？」
ジオン兵A	「あ」
シャア	「第一目的は連邦軍のモビルスーツを奪うことだ。第二に敵の新造戦艦の木馬も奪うことである。手にいらずんば撃破するのみ。以上」
連邦兵A	「食事だ」
ブライト	「君」
ブライト	「ワッケイン司令に会わせるんだ」
アムロ	「無駄じゃないんですか？ブライトさん」
ブライト	「だがな、シャアが襲ってこないとは断言できないだろ」
アムロ	「そうですが」
カイ	「それより、腹がすいちゃしょうがないぜ。食べられる時に食べておかなけりゃ、いざって時に何もできないぜ、逃げることだってな」
アムロ	「…」
リュウ	「カイ・シデン君の言う通りだよ、アムロ」
リュウ	「食事は銃に弾を詰めるみたいなもんだ。兵士は食べたくなくても食べなきゃいけない」
シャア	「うむ」
フィックス	「少佐、行きますか？」
シャア	「待て」
シャア	「見ろ」
フィックス	「おっ、こ、これは？」
シャア	「赤外線探知機だ。あれにひっかからんように機雷を仕掛けろ」
フィックス	「は」
アムロ	「だからブロック接続レバーが二段になってる点を忘れなければいいのさ。この操作がジオンのザクと決定的に違うってことなんだ」
カイ	「ほんじゃあさ、ガンダムが最高にジオンのザクより優れてるってのはなんなんだよ？」
アムロ	「戦闘力さ。今までのザクタイプのモビルスーツと違って、戦いのケーススタディが記憶される」
カイ	「ケーススタディが記憶される？ってことはガンダムって、戦闘すればするほど戦い方を憶えて強くなるって理屈か？」
アムロ	「そうさ。しかも操縦の未熟な僕でさえ歴戦の勇士のシャアとどうにか戦えたのは、僕の上手下手よりガンダムの教育型コンピューターの性能がいいってことだよ」
リュウ	「はははは、ご謙遜ご謙遜」
アムロ	「…、うわっ」
カイ	「うわっ」
ハヤト	「ああっ」
アムロ	「あっ」
ハヤト	「うわっ」
カイ	「うわっ」
リュウ	「うっ、…がはっ」
ブライト	「…遠心重力装置が止まったぞ」
カイ	「どうやら電源部分がやられたらしいな」
アムロ	「シャアだ」
ワッケイン	「監視レーダーをくぐられたというのか？」
連邦兵A	「は、司令、敵はおそらくノーマルスーツによる特殊工作隊と思われます」
連邦士官A	「ブライトの言った通りだ」
連邦士官A	「…」
ワッケイン	「マゼランを出撃させる」
ブライト	「ここを開けろ」
アムロ	「僕達のことなんか忘れられたんじゃないですか？」
ブライト	「しかしこのままでは。このっ」
ブライト	「ん？開くぞ」
アムロ	「え？そうか、電源が切れたんで電子ロックも効かなくなったんだ」
リュウ	「行こうぜ」
アムロ	「ミライさんとセイラさんは？」
ブライト	「隣の部屋にいるはずだ」
ブライト	「ミライ、セイラ」
ミライ	「ブライト」
セイラ	「ブライト」
ワッケイン	「マゼラン、急速発進。ドッキングロック解除急げ」
フラウ	「ジオンの攻撃が始まったというのに、なぜあたし達を安全な所に避難させてくださらないんですか？」
連邦兵A	「司令からはなんの命令も出てないから」
フラウ	「じゃあ、あたし達にここで死ねって言うんですか？」
連邦兵A	「い、いや、そう言ってる訳じゃないんだ」
フラウ	「だったら早いとこ司令と連絡を取ってなんとかしてください」
連邦兵A	「し、しかし、司令は今それどころじゃないだろうし」
キッカ	「えいっ」
連邦兵A	「うおっ。何をするこいつ。こっちへ来い、こいつめ」
連邦兵A	「だあっ」
連邦兵B	「うおっ」
リュウ	「やったあ」
ブライト	「仲間を集めろ。ホワイトベースを港から出すんだ」
ブライト	「アムロはガンダムの封印を解け」
アムロ	「はい」
フィックス	「マゼラン艦が出て行きます」
シャア	「行くぞ」
ワッケイン	「おおっ、うっ」
連邦兵A	「うわっ」
連邦兵B	「うっ」
ワッケイン	「うおっ…」
ワッケイン	「…しまった、謀られた」
ブライト	「なんだと？マゼランが港の出入り口を」
ブライト	「エンジン始動、機関急げ」
ブライト	「リュウ、カイ、アムロ、ガンダムの封印は解けたか？」
カイ	「怒鳴りなさんな、今始まったばかりじゃないですか」
ブライト	「…、セイラ、避難民は？」
セイラ	「今、重力ブロックに移動中です。フラウ・ボゥが指揮してくれてます」
ブライト	「よし、僕もガンダムの所へ降りる」
ブライト	「ミライ、エンジンパワーが臨界に達したら微速前進だ」
ミライ	「はい」
連邦兵A	「司令、お怪我は？」
ワッケイン	「大丈夫だ、ただのかすり傷だ」
ワッケイン	「だ、誰がホワイトベースを？」
ワッケイン	「着けろ、ホワイトベースに着けるんだ」
ワッケイン	「貴様らそこで何をしとるか」
ワッケイン	「ホワイトベース立ち入り禁止は厳命したはずだ」
アムロ	「シャアと戦えるのはガンダムしかないんです」
ワッケイン	「すぐに退去したまえ」
ブライト	「反逆罪は覚悟の上です。ワッケイン司令、あなたの敵はジオン軍なんですか？それとも私達なんですか？」
ワッケイン	「貴様」
ワッケイン	「今、君に軍規がなぜ必要なのか説明したくはないが、定められた命令は厳守だ」
ミライ	「軍規軍規、それがなんだって言うんですか。軍人が軍規にのっとって死ぬのは勝手です、でも、ほかの民間人がその巻き添えになるのは理不尽ではないでしょうか？ワッケイン司令」
ワッケイン	「な、何？」
パオロ	「ワッケイン君」
ワッケイン	「う、パオロ艦長」
パオロ	「…どうだろう、ワッケイン君…ホワイトベースにしろ、ガンダム、ガンキャノン、…ガンタンクは今まで機密事項だった」
ワッケイン	「はい」
パオロ	「だからなのだ、不幸にして我々より彼らの方がうまく使ってくれるのだ。…すでに二度の実戦の経験がある彼らに」
ワッケイン	「しかし、艦長」
パオロ	「…そう、しかし彼らはしょせん素人だ。司令たる君が戦いやすいように助けてやってくれたまえ…わしが責任を持つ…」
パオロ	「…」
ワッケイン	「…わかりました、艦長のお言葉に従います」
アムロ	「…」
リュウ	「…」
シャア	「マチュウ、フィックス、いいな？港に潜入、一気に木馬型戦艦とモビルスーツを叩く」
マチュウ	「了解」
フィックス	「了解」
シャア	「行くぞ」
アムロ	「シャアだ。…」
アムロ	「うあっ」
アムロ	「おっ」
リュウ	「うおっ」
リュウ	「…」
ブライト	「ワッケイン司令、あのマゼラン艦を排除しないかぎり、ホワイトベースは港から出られません。このままでは戦わずしてルナ２艦隊は全滅です」
ワッケイン	「…」
ミライ	「ムサイだわ」
ワッケイン	「マゼランを排除する」
ミライ	「…」
連邦士官A	「司令」
ワッケイン	「ホワイトベースをこの場で固定。各艦防護体制をとれ。主砲スタンバイ」
連邦士官A	「はい」
ワッケイン	「防護壁降ろせ」
ワッケイン	「照準、マゼランの熱核反応炉。各自、衝撃に備えろ」
ブライト	「アムロ、通路の前からどくんだ」
アムロ	「え？」
ワッケイン	「発射」
ミライ	「うわっ」
ブライト	「ぐっ」
ワッケイン	「…」
アムロ	「…」
シャア	「おっ」
ドレン	「おおっ」
シャア	「…」
アムロ	「シャア、い、いったいどんな男なんだ？」
ブライト	「…艦長、やりましたよ」
ブライト	「…？あっ」
連邦士官A	「司令」
ワッケイン	「うむ。少なくとも地球までは彼らに任せた方がよかろう。パオロ艦長のおっしゃった通り」
連邦士官A	「司令」
ワッケイン	「ジオンとの戦いがまだまだ困難を極めるという時、我々は学ぶべき人を次々と失ってゆく。寒い時代だと思わんか？」
ブライト	「艦長、あなたのホワイトベースは、私達の手で必ず地球にお届けいたします」
アムロ	『と、父さん、どこに行ったんだろう？』
次回予告	「重力に任せて落ちれば燃え尽きてしまう大気圏突入。その瞬間にシャアはホワイトベースに奇襲を掛けた。我も危険なら彼も危険、共に大地を見ることができるのか？機動戦士ガンダム、次回、『大気圏突入』。君は、生き延びることができるか？」
ナレーター	「人類が増えすぎた人口を宇宙に移民させるようになって、既に半世紀が経っていた。地球の周りの巨大な人工都市は人類の第二の故郷となり、人々はそこで子を産み、育て、そして死んでいった。宇宙世紀0079、宇宙都市サイド３はジオン公国を名乗り、地球連邦政府に独立戦争を挑んできた。この戦いでジオン公国と連邦は総人口の半分を死に至らしめた。人々はそのみずからの行為に恐怖した」
アイキャッチ	「大気圏突入」
フラウ	「はい、石鹸とタオルです」
フラウ	「はい、さっぱりとした気分で地球の土を踏んでください」
フラウ	「アムロ？」
ペロ	「やだーい、直してくんなくちゃあ」
老人A	「な、直るよ、直る」
フラウ	「アムロったら」
老人A	「えーっと」
アムロ	「僕に貸してみてくれません？」
老人A	「…」
ペロ	「直せるの？」
アムロ	「すいません」
ペロ	「直せる？」
アムロ	「ああ」
老人A	「どうも。両親がいなくなってからというもの、こんな物と一日中遊んどるんです」
アムロ	「戦死なさったんですか？」
老人A	「一週間戦争の時にね。あんたは？」
アムロ	「母は地球にいるはずです。父はサイド７で行方不明になりました」
アムロ	「はい」
ペロ	「うわーっ」
ペロ	「えーっと、うわーっ」
老人A	「地球へ着いたらあの子をわしの故郷へ連れて行こうと思っとるんだ。もう二度と地球の土は踏めんと思っとりましたからなあ。サイド７に来る前には南米でコーヒー園をやっとってな。知っとるか？これがコーヒーの豆じゃ。今度地球へ帰ったらわしは絶対に動かんよ。ジオンの奴らが攻めてきたって、地球連邦の偉いさんが強制退去を命令したって、わしは地球で骨をうずめるんだ」
ミライ	「大気圏突入25分前」
ブライト	「ミライ、自信はあるか？」
ミライ	「スペースグライダーで一度だけ大気圏に突入したことはあるわ。けどあの時は地上通信網がきちんとしていたし、船の形も違うけど」
ブライト	「基本航法は同じだ。サラミスの指示に従えばいい」
ミライ	「私が心配なのは、シャアがおとなしく引き下がったとは思えないことなの」
ブライト	「ミライ、君は大気圏突入することだけを考えていてくれ」
ミライ	「ええ、了解」
リード	「若造、聞こえるか？」
ブライト	「は、はい、リード中尉」
リード	「大気圏突入準備はいいな？我々はサラミスの大気圏突入カプセルで行く。そちらとはスピードが違う、遅れるなよ」
ブライト	「はい、了解しました」
ブライト	「ミライ、大気圏突入の自動操縦に切り替え、以下、突入の準備に備えるんだ」
ミライ	「了解」
ブライト	「シャアのムサイは？」
オスカ	「変わりません。ただ、ムサイに接近する船があります」
ブライト	「なに？また補給を受けるつもりなのか？シャアは。待てよ、ここで補給を受けるということは、俺達の追跡をあきらめたということなのか？」
シャア	「あらたに三機のザクが間に合ったのは幸いである。20分後には大気圏に突入する。このタイミングで戦闘を仕掛けたという事実は古今例がない。地球の引力に引かれ大気圏に突入すれば、ザクとて一瞬のうちに燃え尽きてしまうだろう。しかし、敵が大気圏突入の為に全神経を集中している今こそ、ザクで攻撃するチャンスだ。第一目標、木馬、第二目標、敵のモビルスーツ。戦闘時間は2分とないはずだが、諸君らであればこの作戦を成し遂げられるだろう。期待する」
リード	「地球降下要員は大気圏カプセルに乗り移れ。サラミス本艦はカプセル放出後、ただちにルナ２に帰還せよ」
リード	「カビラ、ムサイを振り切る自信はあるか？」
カビラ	「…自信はありません。しかし、考えようによってはうまくいくでしょう。データーからするとムサイはソドンと接触しています、補給を受けたか、緊急の何かがあったんでしょう、我々を追ってくるとは思えません」
リード	「君はいつも楽観的だな」
カビラ	「はい、それで生き残ってきたと思ってます」
リード	「では、私は地球に降りてくる」
カビラ	「は」
リード	「ミサイルはスタンバっておけ」
連邦兵A	「了解」
リード	「シャアは追ってくるかな？」
連邦兵A	「まさか」
ミライ	「サラミスのカプセル、離脱。ホワイトベースはカプセルについて行きます」
ブライト	「ホワイトベース各員へ。本艦は8分後に大気圏に突入します。立っている人は座ってください。船が揺れるようなことがあっても騒がないように。各戦闘員、メカニックマンは各自の部所で待機のこと。ガンダムも発進する可能性がある、メカニックマンはそのつもりで」
クルーA	「敵だ」
マーカー	「映像出します、最大望遠です。接触推定時間、34秒後」
ブライト	「ハッチ開け。ガンダム、急速発進」
セイラ	「アムロ、発進後4分でホワイトベースに戻って。必ずよ」
アムロ	「了解。セイラさん、僕だって丸焼けになりたくはありませんから」
セイラ	「後方R3度。ザクは四機よ」
アムロ	「四機も？シャアは手持ちのザクはないはずだ。そうじゃない？セイラさん」
セイラ	「事実は事実よ」
アムロ	「ホワイトベースの援護は？」
セイラ	「後方のミサイルと機関砲でリュウとカイが援護するけど、高度には気をつけて」
アムロ	「戦ってる最中に気をつけられると思うんですか？」
セイラ	「あなたならできるわ」
アムロ	「おだてないでください」
アムロ	「うおっ」
アムロ	「…あれか」
シャア	「敵もモビルスーツを発進させたようだ。ドレン、援護しろ。我々は二手に分かれて攻撃を開始する」
ドレン	「了解」
ジオン兵A	「大気圏突入カプセル発進します」
ドレン	「よーし、発進」
ドレン	「ムサイ、ミサイル発射」
ブライト	「後方よりミサイル。リード中尉、高度を下げてください」
リード	「も、戻れないのか？」
連邦兵A	「無理です。戻れば狙い撃ちされるのがオチです」
アムロ	「遠すぎるか」
ブライト	「ミサイル第二波、回避」
ブライト	「後方AMミサイル、どうした？撃てないのか？」
ミライ	「ブライト、落ち着いて。みんな慣れてないのよ」
リュウ	「なんで迎撃しないんだ？」
ハヤト	「僕はもともとミサイル要員じゃないんです」
リュウ	「えーい…」
ハヤト	「ね」
リュウ	「くそう、死にたくなかったら何かしろ。その辺にミサイルの撃ち方の教科書があんだろ」
避難民達	「ああっ」
ペロ	「おじいちゃん」
老人A	「大丈夫、自動車を直してくれたお兄ちゃんが敵をやっつけてくれるよ」
ペロ	「うん、そうだよね」
アムロ	『今度こそシャアの動きに追いついてみせる。これで何度目なんだ？アムロ』
アムロ	『ホワイトベースには近づけさせるものか』
アムロ	「…」
アムロ	「なに？」
アムロ	「うわーっ…、シャア」
セイラ	「アムロ、シャアに気を取られすぎないで。ザクがサラミスのカプセルを」
アムロ	「了解」
アムロ	「シャアにうしろを取られるのはいやだが」
アムロ	「迂闊な奴め」
コム	「ええい、盾を」
アムロ	「シャアは？…」
アムロ	「やらせるか」
アムロ	「そこだっ」
アムロ	「し、しまった、バズーカのスペア弾が。セイラさん、ビームライフルをくれませんか？」
セイラ	「無理よ、ライフルを発射することはできないわ、メカニックマンに聞いてみるけど」
クルーA	「君は左の機銃を」
クルーB	「ぼ、僕は機銃なんて」
クルーA	「僕だってやったことはない」
ブライト	「リュウ、ハヤト、接近したザクにミサイルは無理だ、機銃で迎撃しろ」
リュウ	「了解」
アムロ	「シャア」
セイラ	「アムロ、今はガンダムハンマーしか撃ち出せないわ」
アムロ	「それでいいです」
セイラ	「了解、ハンマーを発射したら教えるわ。前を、アムロ」
アムロ	「わかってます」
ジェイキュー	「…あんな所にバルカン砲が…」
ジェイキュー	「…ああっ」
ジェイキュー	「…嫌だ、嫌だ、シャア少佐、シャア少佐、助けてくださいシャア少佐、少佐ーっ」
アムロ	「当たらない。バルカンの銃身がずれてるのか？」
セイラ	「アムロ、ガンダムハンマーを発射するわ、いいわね？」
アムロ	「相対速度、速いか？掴めるか？シャア」
シャア	「とどめだ」
アムロ	「ううっ…」
アムロ	「シャアめ」
アムロ	「あああっ」
シャア	「ええい、スペアーがなくなるとは」
リード	「進入角度が深すぎるぞ、大丈夫なのか？」
連邦兵A	「…大丈夫とは言えません。…しかし、うっ」
リード	「あっ」
連邦兵B	「て、天井が。リード艦長、ノ、ノーマルスーツが」
リード	「早く、空気が抜ける」
連邦兵B	「ノーマルスーツの応急手当てだ」
リード	「何かが燃えているぞ、消火しろ」
連邦兵C	「は、はい」
連邦兵B	「か、艦長、お怪我も」
リード	「スーツだ、怪我はいつでも治せる」
連邦兵B	「は」
リード	「…もっと丁寧にやれんのか」
マーカー	「サラミスのカプセルに弾が当たりました」
ブライト	「あのまま大気圏突入ができるのか？」
マーカー	「わかりません」
リード	「…ブライト君、このままだとカプセルが中から燃えてしまう」
ブライト	「了解しました、ホワイトベースに収容します」
リード	「頼む」
ブライト	「セイラ、アムロに二機のザクを引き離すように伝えろ」
セイラ	「…無理です。アムロはシャアと戦うので精一杯なのよ」
ミライ	「10パーセント加速。サラミスカプセルの前に出ます」
ブライト	「オムル、サラミスのカプセルを収容する、準備急げ。カイ、リュウ、対空援護しろ」
カイ	「こいつ、動きすぎるぜ」
オムル	「ハッチ開放です、サラミスカプセル聞こえますか？レーザーロック発射します。ロック後オートマチック願います」
連邦兵A	「了解」
リード	「ザク、大丈夫かな？」
オムル	「レーザーロック発射」
シャア	「クラウン、何をやってる？敵の銃撃の来るとこはわかったはずだ、接近して叩け。それではザクの性能は発揮できん」
クラウン	「は、しかし、銃撃が激しくって」
シャア	「これで激しいものか。よく相手を見て下から攻めてみろ」
シャア	「コム、私についてこれるか？」
コム	「は、少佐、大丈夫であります。ザクの右手が使えないだけです。ヒートホークは左手で使います」
シャア	「上等だ、よく切り抜けてくれた。私と敵のモビルスーツにあたる」
ブライト	「アムロ、ザクがホワイトベースの下にまわりこむ。頼む」
リード	「せ、戦況は？」
ブライト	「は、おもわしくありません」
ミライ	「あっ…」
セイラ	「う、右舷被弾」
オスカ	「右舷機銃迎撃急げ」
マーカー	「破損個所にウォールフィルム処理急げ」
ブライト	「第4ブロック、ウォールフィルムを貼れ。誰かいないのか？」
キッカ	「お姉ちゃん。あたしもやっつけに行く」
カツ	「戦争なんだぞ」
キッカ	「恐くないもん」
レツ	「恐いんだぞ」
キッカ	「恐くないもん」
ハヤト	「左右を狙える機銃はどこなんですか？」
クルーA	「第35番のはずです、右が前の方を狙えます」
ハヤト	「やってみるか」
アムロ	「ガンダムを上に出させないのか？」
シャア	「ええい、腕が上がってきたようだな、このパイロットは」
シャア	「いいぞ、コム」
アムロ	「あっ…」
アムロ	「ああっ、あああっ」
コム	「うわあーっ」
シャア	「なめるなっ」
アムロ	「うわっ、あっ」
シャア	「コ、コム。時間がない」
セイラ	「アムロ、ホワイトベースに戻って。オーバータイムよ」
アムロ	「了解、セイラさん。しかし」
アムロ	「シャア、これが最後だ」
シャア	「クラウン、ドレンのカプセルに戻れ。クラウン」
シャア	「クラウン、聞こえないのか？」
ブライト	「大気圏突入、シャッター上げろ。ガンダム収容は後部ハッチから行う。各砲座収容」
ブライト	「アムロ、ホワイトベース後方のハッチから入れ、もう危険だ」
アムロ	「了解。でも、バルカンの弾丸が残ってる。あいつをやってやる」
ドレン	「シャア少佐、カプセルに入ってください」
シャア	「よし、ハッチ開け」
シャア	「クラウン、構わん。敵のモビルスーツとて持ちはせんのだ。まっすぐカプセルに向かえ」
オスカ	「アムロに伝えてください、これではガンダムも大気の摩擦熱で燃えてしまいます」
ブライト	「アムロ、戻れ、ザクはいい」
リード	「ブライト君、私の使命はこのホワイトベースとガンダムを無事に連邦軍本部に送り届けることなんだ。ガンダムを収容しろ」
ブライト	「アムロに言ってください」
リード	「素人が使うからこんなことに」
ブライト	「しかし、ガンダムを出さなければホワイトベースを撃ち落されていました」
ミライ	「リード中尉、椅子にお座りください、危険です」
ミライ	「外壁冷却機能、プラス3に上昇」
リード	「軍法会議もんだぞ、いいな？」
フラウ	「アムロは、アムロは戻ってないんですか？あっ」
アムロ	「ら、落下速度がこんなに速いとは」
シャア	「クラウンは？」
ドレン	「駄目です。残念ながら回収不可能です」
クラウン	「しょ、少佐、シャアーッ。助けてください、げ、減速できません。シャア少佐、助けてください」
シャア	「ク、クラウン。ザクには大気圏を突破する性能はない、気の毒だが。しかしクラウン、無駄死にではないぞ。お前が連邦軍のモビルスーツを引き付けてくれたおかげで撃破することができるのだ」
クラウン	「うわああーっ」
アムロ	「あった、大気圏突破の方法が。間に合うのか？姿勢制御、冷却シフト、全回路接続」
アムロ	「耐熱フィルム」
アムロ	「…す、すごい、装甲板の温度が下がった。しかし、どうやって着陸するんだ？」
オスカ	「電波障害の為、ガンダムを確認できません」
セイラ	「アムロ、アムロ、応答して」
フラウ	「アムロ、アムロ」
セイラ	「しばらくは通信はできないわ」
シャア	「モビルスーツの位置は変わらんな。燃え尽きもしない」
ドレン	「どういうことでしょう？あのまま大気圏に突入できる性能を持ってるんでしょうか？」
シャア	「まさかとは思うが、あの木馬も船ごと大気圏突入をしているとなれば、ありうるな。残念ながら」
ミライ	「高度32、30、29、26、25、24、20、17、16、14、12、11」
アムロ	「持つのか？これで」
シャア	「無線が回復したら大陸のガルマ大佐を呼び出せ」
ドレン	「ようやくわかりましたよ、シャア少佐。よしんば大気圏突入前に敵を撃ち漏らしても、敵の進入角度を変えさせて我が軍の制圧下の大陸に木馬を引き寄せる、二段構えの作戦ですな」
シャア	「戦いは非情さ。そのくらいのことは考えてある」
ドレン	「ガルマ大佐です」
シャア	「ん」
ガルマ	「よう、なんだい？赤い彗星」
シャア	「その呼び名は返上しなくちゃならんようだよ、ガルマ・ザビ大佐」
ガルマ	「はははは、珍しく弱気じゃないか」
シャア	「敵のV作戦って聞いたことがあるか？その正体を突きとめたんだがね」
ガルマ	「なんだと？」
シャア	「そのおかげで、私はザクを八機も撃破されてしまったよ」
ガルマ	「ひどいものだな、そんなにすごいのか？」
シャア	「そちらにおびきこみはした。君の手柄にするんだな。後程そっちへ行く」
ガルマ	「よーし、そのご好意は頂こう。ガウ攻撃空母で迎え撃つ」
ガルマ	「緊急出動だ」
ジオン士官A	「は」
ミライ	「高度5万3千、減速良好。水平角に戻します」
ブライト	「よーし、アムロ、聞こえるか？アムロ」
セイラ	「アムロ、無線が使えるはずよ。アムロ、応答してください、アムロ」
オスカ	「映像回復します」
オスカ	「ガンダムです」
フラウ	「アムロ」
ブライト	「奴め、あとで締め上げなければならんが、このモビルスーツがあれば連邦軍はジオンに勝てる」
アムロ	「無線回復、着艦します」
セイラ	「感度良好。アムロ、うしろの上部甲板にでもどうぞ」
アムロ	「了解」
避難民達	「おお…」
老人A	「ほらごらん、ペロ、あれが地球だよ」
ペロ	「へえ、あれみんな陸地なんだね。こっちが海？海っていうんだろ？」
老人A	「ああそうだ。ペロは初めて見るんだな、地球を。これがみんな陸地と海でできている自然の星なんだよ、ペロ」
マーカー	「予定進入角です。現在までのコースです」
リード	「これではなんにもならんじゃないか、ブライト君」
ブライト	「そう思います。ここはジオンの勢力圏内です」
リード	「冗談じゃない。うっ…」
セイラ	「…傷の手当てを」
ブライト	「シャアは戦術にすぐれた男です。我々はシャアにはめられたんです」
リード	「突破するんだ、なにがなんでも」
マーカー	「敵機です」
リード	「なに？」
ガルマ	「シャアの言う通りかもしれん。今までの地球連邦軍の戦艦とはまったく桁が違うようだ」
ジオン兵A	「ムサイのカプセルです」
ガルマ	「よし、収容しろ」
次回予告	「ガルマ・ザビの機動力はホワイトベースを地上に追い詰める。正規軍との戦いは一瞬の息抜きも許されなかった。さらに、地球の重力はアムロ達に苦戦をしいる。機動戦士ガンダム、次回、『ガルマ出撃す』。君は、生き延びることができるか？」
ナレーター	「人類が増えすぎた人口を宇宙に移民させるようになって、既に半世紀が経っていた。地球の周りの巨大な人工都市は人類の第二の故郷となり、人々はそこで子を産み、育て、そして死んでいった。宇宙世紀0079、宇宙都市サイド３はジオン公国を名乗り、地球連邦政府に独立戦争を挑んできた。この戦いでジオン公国と連邦は総人口の半分を死に至らしめた。人々はそのみずからの行為に恐怖した」
アイキャッチ	「ガルマ出撃す」
ブライト	「地球にいるジオンの空軍か」
オスカ	「ガウ攻撃空母の一個中隊が展開してます」
ブライト	「かなりの数だな」
ジオン兵A	「相対速度コンマ780。いいぞ、その調子だ」
ジオン兵B	「ところがよくはないんだよ」
ジオン兵A	「見えたぞ。進入角度浅すぎるぞ」
ジオン兵B	「わかったよ、そのようだな。一回で着艦したい、いいな？」
ジオン兵A	「了解した。レーザーロックスタンバイ、いつでもどうぞ」
ジオン兵B	「レーザーセンサー開放。頼むぜ」
ジオン兵A	「よーし、上等上等」
ジオン兵A	「ガルマ大佐、ムサイのカプセル収容しました」
ガルマ	「いよう、シャア。君らしくもないな、連邦軍の船一隻にてこずって」
シャア	「言うなよガルマ。いや、地球方面軍司令官ガルマ・ザビ大佐とお呼びすべきかな？」
ガルマ	「士官学校時代と同じガルマでいい」
シャア	「あれが木馬だな？」
ガルマ	「うん。赤い彗星と言われるほどの君が仕留められなかった船とはね」
シャア	「わざわざ君が出てくることもなかったと言いたいのか？」
ガルマ	「いや、友人として君を迎えに来ただけでもいい、シャア」
シャア	「大気圏を突破してきた船であるということをお忘れなく」
ガルマ	「ああ。その点から推測できる戦闘力を今、計算させている。君はゲリラ掃討作戦から引き続きだったんだろ？休みたまえ」
シャア	「お言葉に甘えよう。しかし、ジオン十字勲章ものであることは保証するよ」
ガルマ	「ありがとう、これで私を一人前にさせてくれて。姉に対しても私の男を上げさせようという心遣いだろ？」
シャア	「フフッ、はははは、ははは」
ガルマ	「笑うなよ、兵が見ている」
クルーA	「20ブロックの修理部品が足りないぞ」
クルーB	「電気系統だけは手を抜くなよ」
クルーC	「関節の油圧は異常なし。バランサーの計測に入る」
リュウ	「不発弾が一発でもあったらただじゃおかないぞ」
オムル	「大丈夫ですよ」
カイ	「おやおやハヤト君、ご精が出ますねぇ。しかしね、目の前に敵さんがいるのよ、間に合うの？」
ハヤト	「茶化さないでください」
セイラ	「カイ君、あなたはタンクの整備の担当でしょ？」
カイ	「すんだよ」
セイラ	「なら、第一戦闘配備のまま待機してください」
カイ	「ほいじゃあんたは？」
セイラ	「ブリッジのモニターであなたはチェックできませんでした。ブライトの命令で捜していたんです」
カイ	「どうも」
リード	「ガンダムを出動させれば事はすむんだよ。このジオン軍の壁を突破するにはそれしかない」
ブライト	「アムロには休息が必要です」
リード	「しかし、今までの敵と違って戦力をそろえてきているんだぞ」
ブライト	「敵の出方を待つしかありません」
リード	「私が指揮するんだ。コアファイターが一機、ガンダムが一機、これで中央突破する」
キッカ	「…」
リード	「ええい、やめないか、騒がしい」
キッカ	「…」
リード	「見ろ、ブライト。迎撃ミサイルを」
ブライト	「各員、個々に迎撃しろ。ドップの編隊をホワイトベースに近づけるな」
ハンブル	「この木馬野郎」
マーカー	「ドップ、後方にまわりました。我々の逃げ道をふさぐつもりです」
リード	「ブライト、君は命令違反を犯しているんだぞ」
ブライト	「命令を実行する前にドップが襲い掛かったんです」
アムロ	「ブライトさん、行きます」
ブライト	「アムロ」
アムロ	「事情はセイラさんから聞きました」
ミライ	「大丈夫なの？」
フラウ	「無理をすれば敵に隙を突かれるだけよ」
子供達	「自信あんの？アムロ」
アムロ	「自信の問題じゃない。やるしかないんでしょ？ブライトさん」
ブライト	「ああ」
リード	「ブライト、ガンダムを行かせろ」
ブライト	「ガンダムは空中戦用の兵器ではないことをお忘れなく。ましてアムロです」
リード	「…」
ハヤト	「あの、接近戦にはならないはずです。ガンタンクで狙撃するっての、どうでしょう？アムロの負担も少なくなるし」
アムロ	「ハヤト」
ブライト	「了解だ。ガンダムからガンタンクへ換装を急げ。コアファイター二機は迎撃要員として残せ」
ブライト	「よろしいですね？」
リード	「突破できるんだな？」
ブライト	「わかるものか」
ガルマ	「ハンブル、お前達はそのまま敵艦を追跡しろ」
ハンブル	「了解、大佐」
ガルマ	「ゲビル隊が前にまわったら攻撃を掛ける」
ガルマ	「ゲビル、ゆけい」
ゲビル	「ゲビル戦隊、行くぞ」
ブライト	「ガンタンク、換装急げ」
ミライ	「ブライト、敵が攻撃を控えているのはなぜかしら？」
ブライト	「このホワイトベースを無傷で手に入れるつもりなのだろうな。高度を下げろ、ミライ」
ミライ	「了解」
リード	「ジオンにこの船は渡せん」
オムル	「ガンタンクトップ、移動」
アムロ	「タンクユナイト確認。ブライトさん、指示を待ちます」
アムロ	「ハヤト、いいな？わかるか？」
ハヤト	「わかります。任せてよ」
セイラ	「ガンタンク、発進位置へ前進。以後、待機のこと」
アムロ	「微速前進」
フラウ	「完全にオーバーワークだわ。けど」
ハヤト	「アムロ、ホワイトベースから出たらなるべく離れてくれ。敵の隊列を混乱させよう」
アムロ	「賛成できないな、そうだろう。敵の狙いはホワイトベースだ、離れたら援護ができなくなる」
ハヤト	「違うんだアムロ。ガンタンクなら敵の注意を十分に引けるから、敵の戦力を分散させる為に」
アムロ	「ハヤトは敵を一機でも多く撃ち落せばいいんだ」
ガルマ	「山を盾にしようとてそうはさせぬ。地上部隊を前進させろ。敵艦を補足、占拠するぞ」
ミライ	「大気高度105メートル、ホワイトベース固定します。ガンタンク、発進OKです」
セイラ	「アムロ、発進OK。バランス確認の上、降下」
アムロ	「了解、発進します」
アムロ	「ハヤト、いいな？」
アムロ	「行くぞ」
ハンブル	「なんだあれは？戦車のようだが」
アムロ	「ハヤト、どっちだ？」
ハヤト	「右後方旋回」
ハンブル	「な、なんという破壊力だ」
アムロ	「…な、なんだ？」
アムロ	「ち、地上部隊だ」
リード	「山岳部を盾にガンタンクで切り抜けよう。編隊機もそう自由に攻撃してくることもできまい」
リード	「…何事か？」
オスカ	「敵の地上部隊です」
リード	「なに？」
リード	「マ、マゼラアタックの部隊か」
リード	「退け、後退だ。いや、転進しろ」
リード	「馬鹿者、どこを狙って撃っておる」
ブライト	「前部主砲、マゼラアタックを集中攻撃」
リード	「き、貴様、後退せんのか」
ブライト	「ホワイトベースに関しては、初めて扱われるあなたよりは私達の方が慣れています」
リード	「き、貴様、ぐ、軍規違反で」
ブライト	「敵の包囲網を突破してご覧に入れればよろしいのでしょう？」
リード	「…よかろう」
セイラ	「…代わります」
カイ	「大丈夫かよ」
セイラ	「これを引くのですね？」
クルーA	「ああ、すまん」
クルーA	「すごい、や、やったか？」
ハヤト	「アムロ、敵は僕達がホワイトベースの前にいる以上、規則的な攻撃を強めてくるばかりだ」
アムロ	「ホワイトベースを離れる訳にはいかない、このまま突っ込んで脱出路を作るんだ。あ？」
ブライト	「アムロ、ブライトだ、君に頼みたい。マゼラアタックに対してガンタンクは小回りが効かない。ガンダムで、ガンダムでやってくれるか？」
アムロ	「ブライトさん」
ブライト	「頼む。ガンタンクの方はリュウに操作させる」
アムロ	「ブライトさん」
ハヤト	「アムロ、ブライトさんの言う通りだ、マゼラアタックは」
アムロ	『一人の方が戦いやすいか』
アムロ	「了解です。ガンタンクはカイかセイラさんに操縦させてください。セイラさんならできるはずです」
アムロ	「このままじゃ袋叩きって訳か」
ハヤト	「ホワイトベースから離れて戦力を分散させるんです」
ジオン兵A	「申し上げます。あの戦車は新型のモビルスーツの一機のようだとの報告が入っております」
ガルマ	「モビルスーツ？あれがか？あれが連邦軍のモビルスーツだというのか？」
ジオン兵A	「は、火力が並の戦車のようではないと」
ガルマ	「モビルスーツにはモビルスーツで叩け。三機あるはずだな？」
ジオン兵A	「は」
ガルマ	「包囲部隊に告げたまえ、海に逃がしてしまっては連邦軍の制空圏内に飛び込まれるかもしれぬ、これ以上連中を前進させるな、とな。よいな？」
ジオン兵A	「は、かしこまりました」
セイラ	「コアファイターを換装している時間はないわ。アムロ、走って」
アムロ	「了解」
アムロ	「…行ってくれるのか？」
カイ	「しょうがねえだろ」
フラウ	「飲んでって、栄養剤よ」
フラウ	「こんなことしかできないけど」
アムロ	「ありがとう」
フラウ	「頑張ってね」
クルーA	「頼むぜ」
セイラ	「リュウ、自信がなければいいのよ」
リュウ	「やむを得んでしょう。発進します」
アムロ	「僕だって、自信があってやる訳じゃないのに」
セイラ	「アムロ、何か言って？」
アムロ	「いや。アムロ、ガンダム発進します」
セイラ	「急がないで。ガンタンク発進までスタンバイです」
アムロ	「もう、これだ。すべてこれだ」
シャア	「ガルマが苦戦して当然さ。我々が二度ならず機密取りに失敗した理由を彼が証明してくれている。しかも、我々以上の戦力でな」
ドレン	「はあ？」
シャア	「ドズル将軍も、決して私の力不足ではなかったことを認識することになる」
ドレン	「なるほど」
シャア	「ガルマはモビルスーツに乗ったか？」
ドレン	「いいえ」
シャア	『そうか、ガルマは乗らなかったか。彼がガンダムと戦って死ぬもよし、危うい所を私が出て救うもよしと思っていたが』
アムロ	『ガンタンクが正面、僕がさらにその前に出るってことは、ハヤトの言う通りホワイトベースから離れるってことか』
セイラ	「ガンダム、アムロ」
アムロ	「はい、セイラさん」
セイラ	「発進です。ザクが三機降りてきたわ、気をつけてね、アムロ」
アムロ	「はい」
アムロ	「女に作戦を聞く訳にはいかない。ブライトは初めからはっきりしていりゃあ」
アムロ	「行きます」
アムロ	「うっ、お、落ちる…」
アムロ	「…」
アムロ	「…リュウさん」
リュウ	「ん？」
アムロ	「なんだあれは？」
アムロ	「カイ、下がれ。あとはガンダムがやる」
カイ	「頼むぜ。ハヤトが狙い撃ちされそうなんだ」
アムロ	「こいつ」
アムロ	「…」
アムロ	「リュウさん、うしろ、うしろ」
アムロ	「…」
ジオン兵A	「敵のモビルスーツのビームライフルだ。あ、あんなにすごいのか？」
アムロ	「な、なんの真似だ？」
ハヤト	「アムロ」
ハヤト	「こいつ」
アムロ	「クッ」
アムロ	「うわっ、うっ…」
フラウ	「アムロ」
アムロ	『やられるもんか、やられる』
ハヤト	「敵に目標を分散させる、分散させる」
アムロ	『よーし、やってみる』
アムロ	「あそこだ」
ジオン兵A	「うわーっ」
アムロ	「つかまえた」
ジオン兵A	「うおーっ」
アムロ	「うわーっ」
アムロ	「このーっ」
アムロ	「…」
ハヤト	「アムロ、お前」
ハヤト	「よーし」
アムロ	「やあーっ」
アムロ	「…」
ガルマ	「基地へ帰還する」
ジオン士官A	「このまま帰還するんですか？大佐」
ガルマ	「見ただろう、敵の威力を。私はあれを無傷で手に入れたい。あれは今度の大戦の戦略を大きく塗り替える戦力だ。が、奴らを大陸から一歩も出すな、私の監視の目の中に泳がせておけ。私は必ず仕留める」
ミライ	「ブライト」
ブライト	「うん、山沿いに大陸に入るしかないな」
ミライ	「そうね。ガルマ・ザビに占領されたといっても、まだ大陸には連邦軍の地下組織が抵抗を続けているはずよ」
ブライト	「どうやって接触するかだが」
ミライ	「ブライト、今はみんながあなたをあてにしているのよ」
ブライト	「わかっている、ミライ。さあ、ガンダムの戦士を迎えよう」
フラウ	「アムロ、お疲れさま」
フラウ	「アムロ」
リュウ	「アムロ、お疲れ」
カイ	「おーいアムロ」
ハヤト	「お疲れさま」
カイ	「ちぇっ、気取りやがってよ。戦ったのはなにもガンダムばかりじゃねえんだよ」
ハヤト	「よしなよ、そんな言い方」
キッカ	「わーい…」
カツ	「…」
レツ	「…」
キッカ	「アムロ、キッカ達お祝いのパイ大急ぎで作ったのよ」
レツ	「シャンペンも持ってきたからさ、アムロ」
カツ	「パイで乾杯しようよ」
ハロ	「アムロ、カンペー、アムロ、カンペー」
アムロ	「…一人にしてくれよ、な？」
キッカ	「…なによアムロ、イーだ」
ガルマ	「シャア」
シャア	「ガルマか？」
ガルマ	「なぜあの機密のすごさを教えてくれなかったのだ？」
シャア	「言ったさ、ジオン十字勲章ものだとな。次のチャンスを狙っているんだろ？」
ガルマ	「ああ、抜かりはない」
シャア	「俺も協力する。君の手助けができるのはうれしいものだ」
ガルマ	「助かる、君の力を得れば百人力だ。これでキシリア姉さんにも実力を示すことができる」
シャア	「キシリア殿は君の直接の上司だったな？」
ガルマ	「シャア」
シャア	「なんだ？」
ガルマ	「私はよい友を持った」
シャア	「水臭いな、今更。はははは」
次回予告	「連邦軍本部と連絡を取る為、アムロは敵陣を飛び越す作戦を実行した。しかし、シャアがその作戦の出鼻をくじく。コアファイターはガンダムに換装してシャアに立ち向かえるのか？機動戦士ガンダム、次回、『コアファイター脱出せよ』。君は、生き延びることができるか？」